{"schemaVersion":"1.0","appDefinitionTemplate":{"id":"/providers/Microsoft.PowerApps/apps/","type":"Microsoft.PowerApps/apps","tags":{"primaryDeviceWidth":"640","primaryDeviceHeight":"1136","supportsPortrait":"true","supportsLandscape":"false","primaryFormFactor":"Phone","publisherVersion":"3.22122.15","minimumRequiredApiVersion":"2.2.0","hasComponent":"false","hasUnlockedComponent":"false","isUnifiedRootApp":"false","sienaVersion":"20221229T134245Z-3.22122.15.0"},"properties":{"appVersion":"2022-12-29T13:42:45Z","lifeCycleId":"Published","createdByClientVersion":{"major":3,"minor":22122,"build":15,"revision":0,"majorRevision":0,"minorRevision":0},"minClientVersion":{"major":3,"minor":22122,"build":15,"revision":0,"majorRevision":0,"minorRevision":0},"backgroundColor":"RGBA(0,176,240,1)","backgroundImageUri":"/233729794556868422/Nae5bcb3e-c5ea-4524-81e2-129a428fb84e-logoSmallFile","displayName":"HelpDeskTrial","description":"","commitMessage":"","appUris":{"documentUri":{"value":"/233729794556868422/Nd08c9cae-ff18-49ff-aaab-a2686cc693ff-document.msapp"},"imageUris":[],"additionalUris":[]},"createdTime":"0001-01-01T00:00:00Z","lastModifiedTime":"0001-01-01T00:00:00Z","sharedGroupsCount":0,"sharedUsersCount":0,"icons":{"smallIconUri":"/233729794556868422/Nc69ef902-5d46-4cd5-8c4f-a13e775b2ff3-small.png","mediumIconUri":"/233729794556868422/N78e68310-c007-4404-925a-d9c39813fa79-medium.png","largeIconUri":"/233729794556868422/N1f490e6a-b455-4b67-aa5f-a07723bf1962-large.png","wideIconUri":"/233729794556868422/N2d0d3654-45c7-4393-a8d1-237cad7582ff-wide.png"},"connectionReferences":{"ff18bc1f-8075-4e48-b5f1-63a22b275810":{"id":"e72ecf60-c669-4968-8bf9-7fb0ebb7bd61","displayName":"Office 365 Users","iconUri":"https://connectoricons-prod.azureedge.net/releases/v1.0.1611/1.0.1611.3104/office365users/icon.png","dataSources":["Office365Users"],"dependencies":[],"dependents":[],"parameterHints":{},"parameterHintsV2":{},"isOnPremiseConnection":false,"dataSets":{},"apiTier":"Standard","isCustomApiConnection":false,"actions":["MyProfile","SearchUser"]}},"databaseReferences":{},"almMode":"Environment","performanceOptimizationEnabled":true,"canConsumeAppPass":true,"enableModernRuntimeMode":false,"executionRestrictions":{"isTeamsOnly":false,"dataLossPreventionEvaluationResult":{"status":"Compliant","lastEvaluationDate":"2022-12-29T13:42:49.3154876Z","violations":[],"violationsByPolicy":[],"violationErrorMessage":"The app uses the following connectors: shared_office365users."}}},"appType":"ClassicCanvasApp","appComponents":[]}}